{"user_email": "ahmedrazaajmal680@gmail.com", "message": "Can you explain CNN in simple terms?", "response": "Hi Ahmad Raza 680!\n\nI'd be happy to explain Convolutional Neural Networks (CNNs) in simple terms.\n\nImagine you're trying to recognize objects in a picture, like a cat or a dog. A CNN is like a super smart detective that helps you do that.\n\nHere's how it works:\n\n1. **Image Recognition**: The CNN starts by looking at the entire image as a whole. It's like a first glance.\n2. **Feature Extraction**: Then, it breaks the image down into smaller pieces, like edges, lines, and shapes. It's like taking a closer look at the details.\n3. **Convolution**: The CNN applies filters to these small pieces to identify patterns and features. It's like using a magnifying glass to examine each detail more closely.\n4. **Pooling**: After identifying features, the CNN reduces the size of the image by taking the most important features and discarding the rest. It's like zooming out to see the bigger picture.\n5. **Classification**: Finally, the CNN uses the identified features to classify the image as a cat or a dog. It's like making a conclusion based on all the evidence.\n\nIn simple terms, a CNN is a type of neural network that's really good at recognizing patterns in images. It's like a detective that uses filters, magnifying glasses, and careful observation to solve the mystery of what's in the picture!\n\nDo you have any follow-up questions on CNNs or would you like to explore other topics? I'm here to help!", "rating": 5, "comment": "Good response", "timestamp": "2025-07-15T19:48:33.748808"}
