[
    {
        "id": 1,
        "userId": "ahmedrazaajmal999@gmail.com",
        "userName": "Unknown User",
        "question": "hi",
        "fileAttached": false,
        "time": "2025-07-13T16:55:13.768859",
        "status": "claimed",
        "escalated": true,
        "claimedBy": "Ahmad Raza Ajmal",
        "bidPrice": 0,
        "bidComment": ""
    },
    {
        "id": 2,
        "userId": "ahmedrazaajmal999@gmail.com",
        "userName": "Unknown User",
        "question": "what is data science>?",
        "fileAttached": false,
        "time": "2025-07-13T16:55:28.307475",
        "status": "open",
        "escalated": true,
        "claimedBy": null,
        "bidPrice": null,
        "bidComment": null
    },
    {
        "id": 3,
        "userId": "ahmedrazaajmal999@gmail.com",
        "userName": "Unknown User",
        "question": "can you help me in my project?",
        "fileAttached": false,
        "time": "2025-07-13T17:14:30.873620",
        "status": "claimed",
        "escalated": true,
        "claimedBy": "Ahmad Raza Ajmal",
        "bidPrice": 26,
        "bidComment": "hijdkncknscomelckncnj2ec"
    },
    {
        "id": 4,
        "userId": "ahmedrazaajmal999@gmail.com",
        "userName": "Unknown User",
        "question": "What is data science?",
        "fileAttached": false,
        "time": "2025-07-13T17:16:36.682966",
        "status": "open",
        "escalated": true,
        "claimedBy": null,
        "bidPrice": null,
        "bidComment": null
    },
    {
        "id": 1752510258678,
        "userId": "ahmedrazaajmal999@gmail.com",
        "userName": "Unknown",
        "question": "\"For a health prediction app using Random Forest, what preprocessing should I do if I have missing values, unbalanced classes, and 50+ features? Please include code.\"",
        "fileAttached": false,
        "note": "Auto-escalated by chatbot due to uncertain response.",
        "time": "2025-07-14T16:24:18.679309",
        "status": "claimed",
        "escalated": true,
        "claimedBy": "Ahmad Raza Ajmal",
        "bidPrice": 30,
        "bidComment": "want clean and great code"
    },
    {
        "id": 1752520001001,
        "userId": "ahmadrazaajman56@gmail.com",
        "userName": "Ahmad Raza 56",
        "question": "Can you explain CNN in simple terms?",
        "fileAttached": false,
        "time": "2025-07-15T11:05:01.000001",
        "status": "open",
        "escalated": true,
        "claimedBy": null,
        "bidPrice": null,
        "bidComment": null
    },
    {
        "id": 1752520002002,
        "userId": "ahmadrazaajman56@gmail.com",
        "userName": "Ahmad Raza 56",
        "question": "What are best practices for training a GAN?",
        "fileAttached": false,
        "note": "Auto-escalated by chatbot due to uncertain response.",
        "time": "2025-07-15T11:06:01.000002",
        "status": "claimed",
        "escalated": true,
        "claimedBy": "Ahmad Raza Ajmal",
        "bidPrice": 20,
        "bidComment": ""
    },
    {
        "id": 1752520003003,
        "userId": "ahmadrazaajman680@raygmail.com",
        "userName": "Ahmad Raza 680",
        "question": "How to host a Flask app on Render?",
        "fileAttached": false,
        "time": "2025-07-15T11:07:01.000003",
        "status": "open",
        "escalated": true,
        "claimedBy": null,
        "bidPrice": null,
        "bidComment": null
    },
    {
        "id": 1752520004004,
        "userId": "ahmadrazaajman680@gmail.com",
        "userName": "Ahmad Raza 680",
        "question": "Why is my LSTM model not learning?",
        "fileAttached": false,
        "note": "Auto-escalated by chatbot due to uncertain response.",
        "time": "2025-07-15T11:08:01.000004",
        "status": "claimed",
        "escalated": true,
        "claimedBy": "Ahmad Raza Ajmal",
        "bidPrice": 20,
        "bidComment": ""
    },
    {
        "id": 1752520003003,
        "userId": "demo@gmail.com",
        "userName": "Demo User",
        "question": "How to host a Flask app on Render?",
        "fileAttached": false,
        "time": "2025-07-15T11:07:01.000003",
        "status": "open",
        "escalated": true,
        "claimedBy": null,
        "bidPrice": null,
        "bidComment": null
    },
    {
        "id": 1752520004004,
        "userId": "demo@gmail.com",
        "userName": "Demo User",
        "question": "Why is my LSTM model not learning?",
        "fileAttached": false,
        "note": "Auto-escalated by chatbot due to uncertain response.",
        "time": "2025-07-15T11:08:01.000004",
        "status": "claimed",
        "escalated": true,
        "claimedBy": "Ahmad Raza Ajmal",
        "bidPrice": 20,
        "bidComment": ""
    },
    {
        "id": 1752587575402,
        "userId": "ahmedrazaajmal680@gmail.com",
        "userName": "Ahmad Raza 680",
        "question": "Please escalate this to a human. I need help with a Groq API failure.",
        "fileAttached": false,
        "note": "Auto-escalated by chatbot due to uncertain response.",
        "time": "2025-07-15T13:52:55.403537",
        "status": "claimed",
        "escalated": true,
        "claimedBy": "Ahmad Raza Ajmal",
        "bidPrice": 55,
        "bidComment": ""
    },
    {
        "id": 1752588491670,
        "userId": "ahmedrazaajmal680@gmail.com",
        "userName": "Ahmad Raza 680",
        "question": "My Groq API keeps timing out with a 403 even though I added it in `.env`. Can you fix this manually?",
        "fileAttached": false,
        "note": "Auto-escalated by chatbot due to uncertain response.",
        "time": "2025-07-15T14:08:11.671054",
        "status": "claimed",
        "escalated": true,
        "claimedBy": "Ahmad Raza Ajmal",
        "bidPrice": 50,
        "bidComment": "\"My Groq API keeps timing out with a 403 even though I added it in .env. I'm not sure what's wrong. Can you fix this manually or escalate to a real person?\""
    },
    {
        "id": 1752589777767,
        "userId": "ahmedrazaajmal680@gmail.com",
        "userName": "Ahmad Raza 680",
        "question": "My Groq API keeps timing out with a 403 even though I added it in .env. Can you fix this manually?\"",
        "fileAttached": false,
        "note": "Auto-escalated by chatbot due to uncertain response.",
        "time": "2025-07-15T14:29:37.768005",
        "status": "claimed",
        "escalated": true,
        "claimedBy": "Ahmad Raza Ajmal",
        "bidPrice": 10,
        "bidComment": "i want this work as quick as possible"
    }
]