{
  "ahmedrazaajmal999@gmail.com": {
    "password": "e99a18c428cb38d5f260853678922e03",
    "name": "Ahmad",
    "premium": true
  },
  "demo@gmail.com": {
    "password": "202cb962ac59075b964b07152d234b70",
    "name": "Demo User",
    "premium": true
  },
  "ahmadrazaajmal56@gmail.com": {
    "password": "e10adc3949ba59abbe56e057f20f883e",
    "name": "Ahmad Raza 56",
    "premium": true
    
  },
  "ahmedrazaajmal680@gmail.com": {
    "password": "e10adc3949ba59abbe56e057f20f883e",
    "name": "Ahmad Raza 680",
    "premium": true
  }
  

}

